day,S,E,I,R
1,19965,6,27,2
2,19937,22,33,8
3,19909,37,41,13
4,19877,49,55,19
5,19835,65,75,25
6,19766,97,98,39
7,19693,121,134,52
8,19560,184,181,75
9,19412,239,247,102
10,19228,302,334,136
11,18951,401,466,182
12,18635,535,584,246
13,18206,649,814,331
14,17608,905,1049,438
15,16914,1125,1371,590
16,16030,1474,1741,755
17,14966,1785,2261,988
18,13665,2183,2843,1309
19,12208,2657,3468,1667
20,10728,3037,4138,2097
21,9128,3297,4931,2644
22,7532,3540,5612,3316
23,6054,3582,6330,4034
24,4733,3480,6894,4893
25,3600,3296,7283,5821
26,2719,2980,7572,6729
27,2037,2663,7606,7694
28,1530,2278,7518,8674
29,1190,1901,7216,9693
30,924,1575,6916,10585
31,759,1253,6522,11466
32,602,1054,6060,12284
33,537,789,5557,13117
34,489,631,5065,13815
35,445,508,4585,14462
36,405,411,4185,14999
37,387,346,3742,15525
38,405,281,3335,15979
39,414,224,3001,16361
40,434,190,2682,16694
41,452,168,2359,17021
42,483,123,2133,17261
43,503,119,1946,17432
44,543,102,1726,17629
45,560,99,1528,17813
46,592,92,1360,17956
47,629,82,1195,18094
48,669,77,1052,18202
49,714,73,956,18257
50,769,64,854,18313
51,805,59,757,18379
52,830,61,664,18445
53,880,58,613,18449
54,936,60,547,18457
55,991,57,487,18465
56,1039,54,428,18479
57,1085,47,395,18473
58,1127,41,343,18489
59,1193,38,307,18462
60,1257,45,269,18429
61,1317,37,259,18387
62,1373,39,240,18348
63,1413,38,206,18343
64,1468,36,184,18312
65,1525,32,167,18276
66,1568,29,159,18244
67,1624,28,144,18204
68,1670,29,128,18173
69,1727,26,118,18129
70,1775,14,117,18094
71,1830,17,104,18049
72,1887,13,98,18002
73,1954,10,79,17957
74,2023,9,75,17893
75,2079,8,70,17843
76,2131,12,69,17788
77,2188,10,66,17736
78,2237,14,64,17685
79,2267,16,62,17655
80,2318,20,56,17606
81,2370,20,52,17558
82,2420,18,54,17508
83,2471,14,58,17457
84,2539,13,51,17397
85,2593,15,45,17347
86,2658,18,41,17283
87,2719,17,36,17228
88,2769,15,37,17179
89,2813,14,30,17143
90,2859,11,31,17099
91,2906,11,31,17052
92,2953,9,29,17009
93,3002,10,27,16961
94,3059,11,23,16907
95,3105,8,24,16863
96,3168,7,24,16801
97,3214,6,25,16755
98,3272,4,21,16703
99,3321,4,24,16651
100,3364,5,26,16605
101,3418,7,24,16551
102,3459,10,21,16510
103,3515,12,19,16454
104,3563,16,19,16402
105,3627,16,20,16337
106,3673,15,25,16287
107,3737,12,29,16222
108,3781,6,30,16183
109,3837,6,25,16132
110,3880,7,23,16090
111,3925,5,26,16044
112,3956,4,25,16015
113,3992,2,25,15981
114,4035,6,25,15934
115,4076,6,25,15893
116,4135,8,25,15832
117,4170,10,24,15796
118,4224,7,25,15744
119,4260,9,26,15705
120,4307,7,29,15657
121,4342,6,24,15628
122,4383,8,24,15585
123,4421,15,23,15541
124,4470,10,28,15492
125,4510,10,28,15452
126,4536,12,30,15422
127,4558,21,27,15394
128,4599,21,32,15348
129,4637,20,32,15311
130,4679,20,30,15271
131,4709,18,35,15238
132,4753,15,41,15191
133,4793,18,43,15146
134,4841,16,49,15094
135,4868,23,46,15063
136,4911,26,47,15016
137,4940,26,53,14981
138,4972,21,57,14950
139,5013,23,58,14906
140,5056,28,58,14858
141,5084,30,56,14830
142,5124,37,53,14786
143,5154,37,61,14748
144,5190,32,70,14708
145,5219,33,74,14674
146,5246,32,84,14638
147,5275,44,86,14595
148,5287,47,97,14569
149,5316,49,97,14538
150,5333,50,105,14512
151,5358,49,115,14478
152,5374,47,136,14443
153,5386,62,128,14424
154,5405,57,142,14396
155,5434,50,144,14372
156,5440,58,143,14359
157,5445,63,149,14343
158,5456,64,166,14314
159,5466,68,170,14296
160,5473,68,179,14280
161,5463,86,180,14271
162,5457,89,189,14265
163,5462,84,202,14252
164,5459,84,207,14250
165,5445,100,209,14246
166,5448,92,240,14220
167,5438,97,252,14213
168,5430,107,260,14203
169,5422,110,273,14195
170,5416,127,268,14189
171,5394,139,274,14193
172,5374,140,294,14192
173,5350,153,307,14190
174,5327,156,323,14194
175,5304,161,339,14196
176,5296,151,357,14196
177,5273,164,387,14176
178,5258,152,410,14180
179,5216,173,419,14192
180,5172,190,443,14195
181,5128,212,448,14212
182,5101,210,495,14194
183,5067,205,522,14206
184,5007,216,547,14230
185,4949,224,567,14260
186,4870,254,575,14301
187,4815,257,604,14324
188,4743,270,626,14361
189,4679,263,654,14404
190,4623,263,663,14451
191,4544,272,681,14503
192,4468,271,729,14532
193,4382,293,730,14595
194,4306,304,768,14622
195,4244,323,776,14657
196,4188,306,804,14702
197,4123,305,834,14738
198,4062,315,822,14801
199,3986,323,824,14867
200,3922,313,847,14918
201,3837,315,871,14977
202,3767,308,891,15034
203,3683,340,876,15101
204,3622,344,876,15158
205,3541,322,904,15233
206,3495,300,912,15293
207,3440,294,900,15366
208,3376,302,884,15438
209,3325,305,900,15470
210,3273,293,907,15527
211,3239,276,891,15594
212,3191,280,868,15661
213,3153,273,883,15691
214,3125,255,889,15731
215,3101,240,910,15749
216,3076,243,877,15804
217,3050,241,836,15873
218,3018,233,823,15926
219,2989,232,816,15963
220,2976,223,800,16001
221,2966,217,775,16042
222,2946,215,772,16067
223,2936,232,753,16079
224,2929,217,760,16094
225,2920,229,724,16127
226,2906,238,700,16156
227,2908,221,698,16173
228,2923,221,683,16173
229,2908,242,645,16205
230,2923,219,642,16216
231,2931,206,635,16228
232,2946,194,614,16246
233,2952,182,621,16245
234,2965,184,594,16257
235,2989,173,574,16264
236,3007,175,564,16254
237,3039,164,565,16232
238,3064,164,536,16236
239,3083,155,531,16231
240,3080,176,521,16223
241,3100,162,524,16214
242,3124,166,523,16187
243,3158,152,531,16159
244,3182,149,517,16152
245,3216,147,502,16135
246,3231,151,488,16130
247,3266,139,486,16109
248,3286,139,485,16090
249,3303,147,471,16079
250,3329,139,464,16068
251,3347,130,453,16070
252,3390,123,446,16041
253,3426,118,456,16000
254,3446,122,438,15994
255,3489,125,421,15965
256,3516,124,406,15954
257,3557,126,399,15918
258,3608,117,407,15868
259,3648,125,404,15823
260,3674,131,408,15787
261,3713,134,408,15745
262,3760,139,404,15697
263,3784,152,388,15676
264,3814,147,379,15660
265,3852,144,390,15614
266,3892,135,385,15588
267,3906,143,381,15570
268,3936,127,395,15542
269,3959,142,387,15512
270,3973,145,388,15494
271,4004,154,382,15460
272,4015,160,373,15452
273,4037,172,367,15424
274,4090,156,385,15369
275,4132,153,400,15315
276,4194,139,411,15256
277,4204,138,439,15219
278,4200,158,449,15193
279,4261,156,439,15144
280,4258,177,458,15107
281,4283,163,479,15075
282,4270,178,485,15067
283,4287,167,478,15068
284,4278,184,495,15043
285,4297,173,518,15012
286,4294,188,523,14995
287,4279,211,523,14987
288,4290,212,533,14965
289,4262,220,559,14959
290,4247,232,549,14972
291,4241,219,564,14976
292,4254,205,588,14953
293,4237,216,588,14959
294,4250,223,576,14951
295,4229,237,597,14937
296,4226,237,608,14929
297,4203,257,625,14915
298,4206,260,633,14901
299,4189,242,669,14900
300,4170,249,666,14915
301,4171,258,658,14913
302,4136,270,667,14927
303,4101,274,701,14924
304,4074,267,720,14939
305,4088,251,737,14924
306,4090,235,756,14919
307,4060,259,745,14936
308,4049,266,727,14958
309,4032,286,721,14961
310,4014,290,715,14981
311,3974,294,734,14998
312,3938,305,730,15027
313,3907,285,797,15011
314,3893,292,796,15019
315,3849,309,820,15022
316,3819,299,844,15038
317,3770,306,834,15090
318,3736,293,852,15119
319,3708,306,861,15125
320,3687,306,861,15146
321,3658,311,862,15169
322,3628,310,872,15190
323,3611,310,879,15200
324,3576,305,909,15210
325,3561,295,920,15224
326,3525,305,916,15254
327,3492,302,909,15297
328,3474,291,914,15321
329,3447,299,889,15365
330,3430,294,889,15387
331,3412,302,871,15415
332,3392,291,874,15443
333,3379,292,846,15483
334,3371,278,820,15531
335,3364,276,816,15544
336,3384,264,817,15535
337,3363,274,798,15565
338,3350,283,765,15602
339,3347,279,783,15591
340,3338,265,803,15594
341,3333,265,793,15609
342,3319,266,769,15646
343,3311,262,774,15653
344,3331,248,772,15649
345,3338,217,772,15673
346,3344,215,753,15688
347,3367,225,728,15680
348,3368,226,713,15693
349,3366,218,700,15716
350,3381,214,668,15737
351,3396,203,657,15744
352,3410,214,642,15734
353,3420,209,632,15739
354,3424,208,617,15751
355,3447,209,600,15744
356,3494,188,606,15712
357,3532,191,612,15665
358,3556,199,593,15652
359,3556,211,592,15641
360,3578,203,604,15615
361,3610,214,603,15573
362,3609,222,592,15577
363,3655,198,597,15550
364,3665,208,604,15523
365,3684,205,613,15498
366,3688,207,608,15497
367,3693,212,617,15478
368,3703,206,635,15456
369,3723,203,636,15438
370,3750,196,641,15413
371,3776,218,618,15388
372,3788,218,630,15364
373,3794,223,625,15358
374,3783,235,632,15350
375,3807,220,645,15328
376,3817,217,645,15321
377,3811,231,649,15309
378,3806,242,634,15318
379,3785,244,659,15312
380,3792,256,646,15306
381,3782,247,669,15302
382,3798,233,682,15287
383,3799,235,690,15276
384,3793,241,706,15260
385,3787,220,724,15269
386,3766,231,734,15269
387,3790,223,716,15271
388,3758,233,720,15289
389,3777,232,716,15275
390,3764,225,721,15290
391,3746,235,692,15327
392,3759,239,676,15326
393,3777,245,656,15322
394,3795,227,683,15295
395,3788,236,681,15295
396,3772,241,706,15281
397,3758,227,695,15320
398,3742,242,691,15325
399,3758,238,689,15315
400,3761,230,706,15303
401,3725,245,707,15323
402,3711,256,711,15322
403,3705,246,735,15314
404,3708,234,735,15323
405,3698,253,734,15315
406,3679,251,754,15316
407,3661,252,759,15328
408,3673,247,753,15327
409,3662,233,768,15337
410,3653,252,755,15340
411,3663,238,743,15356
412,3644,245,738,15373
413,3652,251,717,15380
414,3680,259,704,15357
415,3672,260,697,15371
416,3673,251,686,15390
417,3675,245,688,15392
418,3658,238,709,15395
419,3658,241,708,15393
420,3641,257,724,15378
421,3628,274,737,15361
422,3615,276,761,15348
423,3589,276,772,15363
424,3576,270,788,15366
425,3546,292,811,15351
426,3528,289,814,15369
427,3491,298,836,15375
428,3484,278,844,15394
429,3468,281,823,15428
430,3497,271,800,15432
431,3489,264,789,15458
432,3484,266,776,15474
433,3487,243,776,15494
434,3467,243,748,15542
435,3473,229,766,15532
436,3476,231,761,15532
437,3446,253,761,15540
438,3433,251,763,15553
439,3428,255,759,15558
440,3416,251,758,15575
441,3436,228,761,15575
442,3411,246,752,15591
443,3381,262,746,15611
444,3388,240,754,15618
445,3410,239,726,15625
446,3420,233,705,15642
447,3435,220,708,15637
448,3429,227,698,15646
449,3478,221,674,15627
450,3478,223,683,15616
451,3494,215,692,15599
452,3529,217,674,15580
453,3551,206,670,15573
454,3543,221,672,15564
455,3534,215,678,15573
456,3528,226,661,15585
457,3537,238,650,15575
458,3559,223,654,15564
459,3541,243,658,15558
460,3572,230,653,15545
461,3577,246,656,15521
462,3595,222,674,15509
463,3594,206,711,15489
464,3625,212,685,15478
465,3647,208,674,15471
466,3659,210,663,15468
467,3672,208,663,15457
468,3688,218,652,15442
469,3686,208,673,15433
470,3685,218,665,15432
471,3681,218,682,15419
472,3678,213,689,15420
473,3662,233,679,15426
474,3645,233,694,15428
475,3653,235,669,15443
476,3627,219,693,15461
477,3623,218,674,15485
478,3615,229,683,15473
479,3613,209,685,15493
480,3618,213,672,15497
481,3631,214,674,15481
482,3633,225,643,15499
483,3677,204,642,15477
484,3665,222,639,15474
485,3661,233,648,15458
486,3658,224,653,15465
487,3661,225,652,15462
488,3680,209,661,15450
489,3703,220,635,15442
490,3684,231,641,15444
491,3688,227,654,15431
492,3671,239,667,15423
493,3661,258,670,15411
494,3674,245,674,15407
495,3676,246,685,15393
496,3684,251,677,15388
497,3680,266,657,15397
498,3693,254,661,15392
499,3711,251,662,15376
500,3703,252,664,15381
501,3686,254,668,15392
502,3664,271,667,15398
503,3679,265,658,15398
504,3662,258,675,15405
505,3669,248,667,15416
506,3676,229,672,15423
507,3687,223,657,15433
508,3673,240,643,15444
509,3688,234,627,15451
510,3721,214,648,15417
511,3712,225,653,15410
512,3731,218,665,15386
513,3719,232,669,15380
514,3715,229,684,15372
515,3758,209,673,15360
516,3747,234,667,15352
517,3725,245,671,15359
518,3741,223,685,15351
519,3723,245,682,15350
520,3722,234,695,15349
521,3724,250,687,15339
522,3715,251,693,15341
523,3744,244,696,15316
524,3725,264,703,15308
525,3719,263,701,15317
526,3723,261,702,15314
527,3743,233,743,15281
528,3737,238,757,15268
529,3694,256,769,15281
530,3697,254,769,15280
531,3674,267,766,15293
532,3671,261,755,15313
533,3670,245,748,15337
534,3637,266,721,15376
535,3678,246,718,15358
536,3710,230,729,15331
537,3718,234,742,15306
538,3727,241,740,15292
539,3747,238,760,15255
540,3741,242,756,15261
541,3743,245,735,15277
542,3735,234,767,15264
543,3716,238,764,15282
544,3684,290,749,15277
545,3680,276,764,15280
546,3673,265,782,15280
547,3671,266,769,15294
548,3677,266,758,15299
549,3688,254,774,15284
550,3664,274,766,15296
551,3646,284,781,15289
552,3665,279,798,15258
553,3660,282,778,15280
554,3658,276,784,15282
555,3665,254,794,15287
556,3638,265,805,15292
557,3638,277,808,15277
558,3603,282,802,15313
559,3586,278,805,15331
560,3590,267,795,15348
561,3590,270,802,15338
562,3551,279,791,15379
563,3561,294,805,15340
564,3570,289,823,15318
565,3557,294,832,15317
566,3557,273,846,15324
567,3555,269,851,15325
568,3540,274,833,15353
569,3517,268,844,15371
570,3504,280,853,15363
571,3490,277,840,15393
572,3505,276,838,15381
573,3514,270,821,15395
574,3515,273,832,15380
575,3512,269,842,15377
576,3489,274,841,15396
577,3472,279,829,15420
578,3441,294,833,15432
579,3438,273,846,15443
580,3430,281,847,15442
581,3431,294,837,15438
582,3413,289,840,15458
583,3411,292,832,15465
584,3411,274,831,15484
585,3423,260,825,15492
586,3450,258,796,15496
587,3452,246,813,15489
588,3416,244,824,15516
589,3393,264,799,15544
590,3389,273,780,15558
591,3389,262,749,15600
592,3412,255,742,15591
593,3446,245,745,15564
594,3454,249,751,15546
595,3440,250,756,15554
596,3465,241,730,15564
597,3484,238,729,15549
598,3509,246,743,15502
599,3509,246,755,15490
600,3506,257,754,15483
601,3520,247,737,15496
602,3538,244,706,15512
603,3559,237,713,15491
604,3567,238,710,15485
605,3591,236,684,15489
606,3575,247,706,15472
607,3584,233,726,15457
608,3598,216,719,15467
609,3610,234,707,15449
610,3581,256,704,15459
611,3611,237,687,15465
612,3618,235,721,15426
613,3641,227,722,15410
614,3627,246,715,15412
615,3642,263,701,15394
616,3623,262,715,15400
617,3616,265,726,15393
618,3607,269,734,15390
619,3610,244,751,15395
620,3611,252,733,15404
621,3607,245,747,15401
622,3613,254,758,15375
623,3599,258,746,15397
624,3609,264,743,15384
625,3603,287,727,15383
626,3618,268,752,15362
627,3623,244,775,15358
628,3616,240,801,15343
629,3605,259,791,15345
630,3599,260,774,15367
631,3601,248,752,15399
632,3596,261,752,15391
633,3589,250,763,15398
634,3569,236,766,15429
635,3548,228,768,15456
636,3506,256,743,15495
637,3501,246,742,15511
638,3482,246,742,15530
639,3468,257,755,15520
640,3462,252,744,15542
641,3458,265,747,15530
642,3467,256,771,15506
643,3451,251,767,15531
644,3455,246,781,15518
645,3455,241,770,15534
646,3426,265,770,15539
647,3421,257,789,15533
648,3404,249,795,15552
649,3398,249,776,15577
650,3398,238,783,15581
651,3401,242,764,15593
652,3393,242,765,15600
653,3416,237,737,15610
654,3400,244,719,15637
655,3414,229,733,15624
656,3421,228,728,15623
657,3439,219,721,15621
658,3451,229,707,15613
659,3484,217,697,15602
660,3486,250,676,15588
661,3504,233,692,15571
662,3525,238,680,15557
663,3526,235,679,15560
664,3543,230,672,15555
665,3551,223,666,15560
666,3567,246,647,15540
667,3587,240,650,15523
668,3599,225,660,15516
669,3608,222,644,15526
670,3617,216,637,15530
671,3630,201,638,15531
672,3620,223,616,15541
673,3631,210,627,15532
674,3654,210,610,15526
675,3648,219,595,15538
676,3644,223,602,15531
677,3658,239,586,15517
678,3663,229,590,15518
679,3672,240,586,15502
680,3683,242,583,15492
681,3660,240,609,15491
682,3677,237,594,15492
683,3679,231,597,15493
684,3707,223,623,15447
685,3705,205,640,15450
686,3709,201,630,15460
687,3702,221,628,15449
688,3703,205,637,15455
689,3711,229,624,15436
690,3730,226,623,15421
691,3731,222,649,15398
692,3745,215,655,15385
693,3746,247,642,15365
694,3750,241,652,15357
695,3747,233,661,15359
696,3744,245,670,15341
697,3773,233,684,15310
698,3772,239,682,15307
699,3774,238,672,15316
700,3790,243,662,15305
701,3795,241,663,15301
702,3770,252,662,15316
703,3773,269,641,15317
704,3792,257,653,15298
705,3801,233,687,15279
706,3816,220,689,15275
707,3796,239,688,15277
708,3801,250,697,15252
709,3783,244,719,15254
710,3802,235,725,15238
711,3822,229,702,15247
712,3829,227,693,15251
713,3821,224,710,15245
714,3831,228,705,15236
715,3816,253,698,15233
716,3786,254,713,15247
717,3808,246,742,15204
718,3783,248,757,15212
719,3759,279,732,15230
720,3743,278,753,15226
721,3738,270,769,15223
722,3722,279,786,15213
723,3699,282,816,15203
724,3684,282,814,15220
725,3701,256,834,15209
726,3678,250,818,15254
727,3660,256,811,15273
728,3663,247,829,15261
729,3644,275,813,15268
730,3640,282,819,15259
731,3634,266,816,15284
732,3612,278,808,15302
733,3597,280,807,15316
734,3581,296,791,15332
735,3577,296,776,15351
736,3579,274,786,15361
737,3575,287,772,15366
738,3583,265,811,15341
739,3565,265,827,15343
740,3543,277,800,15380
741,3534,276,792,15398
742,3547,273,793,15387
743,3524,280,792,15404
744,3518,279,795,15408
745,3507,290,781,15422
746,3520,269,798,15413
747,3495,274,801,15430
748,3510,256,810,15424
749,3508,261,770,15461
750,3520,248,767,15465
751,3482,270,768,15480
752,3509,265,755,15471
753,3521,246,762,15471
754,3526,243,757,15474
755,3542,233,746,15479
756,3548,228,731,15493
757,3559,227,746,15468
758,3569,245,740,15446
759,3583,239,739,15439
760,3603,231,737,15429
761,3602,235,748,15415
762,3563,257,734,15446
763,3564,244,730,15462
764,3592,245,705,15458
765,3591,254,690,15465
766,3608,243,713,15436
767,3622,238,702,15438
768,3647,232,698,15423
769,3644,233,691,15432
770,3630,244,673,15453
771,3644,224,673,15459
772,3642,242,652,15464
773,3629,223,672,15476
774,3625,225,675,15475
775,3628,229,687,15456
776,3657,237,663,15443
777,3657,242,651,15450
778,3662,245,667,15426
779,3679,245,671,15405
780,3679,263,660,15398
781,3682,266,678,15374
782,3680,256,692,15372
783,3676,244,725,15355
784,3672,248,726,15354
785,3673,224,749,15354
786,3679,249,750,15322
787,3675,241,771,15313
788,3684,240,767,15309
789,3653,266,791,15290
790,3632,274,794,15300
791,3618,269,782,15331
792,3603,272,798,15327
793,3617,253,803,15327
794,3631,258,785,15326
795,3619,260,783,15338
796,3603,276,770,15351
797,3598,255,794,15353
798,3600,260,786,15354
799,3590,267,781,15362
800,3563,254,789,15394
801,3576,261,768,15395
802,3570,253,781,15396
803,3573,245,785,15397
804,3550,254,792,15404
805,3541,253,781,15425
806,3528,250,771,15451
807,3527,276,769,15428
808,3515,284,762,15439
809,3504,273,763,15460
810,3469,292,761,15478
811,3497,282,752,15469
812,3501,263,766,15470
813,3514,237,795,15454
814,3537,254,784,15425
815,3560,246,785,15409
816,3557,254,763,15426
817,3559,244,790,15407
818,3560,259,772,15409
819,3563,271,772,15394
820,3575,264,778,15383
821,3580,261,764,15395
822,3581,267,751,15401
823,3595,255,749,15401
824,3615,253,756,15376
825,3631,240,744,15385
826,3652,235,737,15376
827,3659,225,743,15373
828,3653,239,702,15406
829,3684,224,718,15374
830,3690,212,723,15375
831,3676,227,725,15372
832,3683,240,723,15354
833,3669,243,731,15357
834,3628,273,730,15369
835,3636,257,735,15372
836,3636,230,735,15399
837,3644,239,696,15421
838,3668,234,716,15382
839,3664,221,733,15382
840,3628,235,740,15397
841,3598,272,728,15402
842,3596,263,729,15412
843,3586,255,749,15410
844,3601,250,740,15409
845,3586,268,742,15404
846,3582,276,743,15399
847,3586,275,749,15390
848,3576,282,743,15399
849,3584,263,767,15386
850,3559,258,771,15412
851,3545,258,778,15419
852,3531,257,770,15442
853,3537,267,764,15432
854,3522,268,774,15436
855,3496,256,782,15466
856,3507,246,790,15457
857,3502,249,780,15469
858,3498,250,782,15470
859,3492,261,748,15499
860,3488,267,753,15492
861,3489,278,745,15488
862,3492,268,761,15479
863,3484,259,782,15475
864,3453,261,790,15496
865,3478,247,769,15506
866,3457,261,758,15524
867,3435,278,756,15531
868,3429,269,769,15533
869,3435,265,751,15549
870,3438,274,749,15539
871,3427,289,749,15535
872,3432,279,742,15547
873,3448,242,748,15562
874,3440,253,734,15573
875,3431,252,724,15593
876,3421,262,716,15601
877,3448,250,709,15593
878,3459,239,722,15580
879,3458,240,729,15573
880,3461,242,725,15572
881,3466,235,744,15555
882,3459,241,733,15567
883,3459,228,741,15572
884,3450,225,736,15589
885,3456,235,723,15586
886,3451,223,724,15602
887,3454,229,731,15586
888,3442,228,733,15597
889,3444,234,730,15592
890,3469,218,742,15571
891,3460,224,738,15578
892,3464,245,706,15585
893,3461,251,711,15577
894,3478,244,717,15561
895,3483,243,710,15564
896,3500,238,701,15561
897,3510,232,716,15542
898,3529,234,702,15535
899,3532,244,701,15523
900,3528,232,701,15539
901,3533,227,707,15533
902,3526,247,707,15520
903,3535,229,692,15544
904,3552,224,709,15515
905,3554,235,695,15516
906,3553,230,695,15522
907,3545,245,700,15510
908,3548,252,685,15515
909,3581,251,691,15477
910,3575,237,695,15493
911,3584,244,696,15476
912,3610,239,688,15463
913,3618,250,684,15448
914,3619,267,686,15428
915,3633,263,681,15423
916,3639,257,693,15411
917,3643,255,713,15389
918,3663,239,714,15384
919,3679,251,711,15359
920,3690,242,715,15353
921,3683,231,737,15349
922,3700,232,748,15320
923,3682,253,735,15330
924,3664,258,735,15343
925,3667,251,737,15345
926,3663,250,746,15341
927,3660,255,733,15352
928,3665,240,727,15368
929,3659,231,739,15371
930,3650,250,740,15360
931,3626,254,741,15379
932,3628,225,761,15386
933,3653,226,747,15374
934,3617,255,747,15381
935,3623,252,757,15368
936,3639,247,770,15344
937,3618,244,784,15354
938,3628,236,791,15345
939,3623,228,801,15348
940,3612,251,806,15331
941,3597,280,792,15331
942,3611,267,804,15318
943,3617,248,809,15326
944,3600,273,788,15339
945,3579,295,736,15390
946,3581,297,739,15383
947,3612,281,733,15374
948,3633,254,745,15368
949,3634,274,716,15376
950,3618,272,719,15391
951,3627,262,724,15387
952,3652,255,709,15384
953,3672,264,688,15376
954,3668,258,697,15377
955,3658,231,718,15393
956,3673,239,693,15395
957,3664,245,684,15407
958,3635,246,700,15419
959,3655,249,658,15438
960,3662,250,637,15451
961,3685,223,662,15430
962,3680,218,664,15438
963,3674,230,657,15439
964,3686,221,650,15443
965,3692,214,661,15433
966,3662,229,658,15451
967,3680,228,645,15447
968,3688,224,647,15441
969,3665,220,674,15441
970,3681,223,680,15416
971,3694,225,672,15409
972,3692,235,663,15410
973,3686,237,683,15394
974,3691,236,690,15383
975,3694,229,694,15383
976,3707,222,694,15377
977,3695,231,700,15374
978,3686,240,690,15384
979,3685,242,724,15349
980,3697,250,707,15346
981,3696,240,693,15371
982,3707,230,687,15376
983,3724,221,680,15375
984,3725,233,662,15380
985,3726,246,672,15356
986,3735,241,684,15340
987,3725,237,693,15345
988,3726,251,687,15336
989,3709,273,704,15314
990,3699,258,709,15334
991,3686,256,716,15342
992,3689,238,720,15353
993,3675,238,729,15358
994,3682,223,740,15355
995,3675,244,718,15363
996,3674,258,726,15342
997,3674,254,725,15347
998,3653,271,716,15360
999,3641,262,722,15375
1000,3670,261,710,15359
1001,3648,251,734,15367
1002,3647,245,729,15379
1003,3641,234,728,15397
1004,3634,226,730,15410
1005,3664,225,712,15399
1006,3667,223,730,15380
1007,3673,225,726,15376
1008,3681,227,689,15403
1009,3688,222,703,15387
1010,3684,214,693,15409
1011,3690,231,696,15383
1012,3692,254,687,15367
1013,3682,252,689,15377
1014,3695,250,702,15353
1015,3708,246,716,15330
1016,3704,245,736,15315
1017,3682,266,753,15299
1018,3682,262,765,15291
1019,3661,274,762,15303
1020,3646,260,794,15300
1021,3653,252,793,15302
1022,3669,274,782,15275
1023,3636,278,769,15317
1024,3616,263,807,15314
1025,3626,277,781,15316
1026,3570,308,794,15328
1027,3565,318,794,15323
1028,3564,287,799,15350
1029,3575,261,809,15355
1030,3570,259,802,15369
1031,3552,272,794,15382
1032,3550,283,773,15394
1033,3580,274,760,15386
1034,3564,289,721,15426
1035,3558,258,742,15442
1036,3544,258,747,15451
1037,3528,239,765,15468
1038,3526,242,753,15479
1039,3537,221,751,15491
1040,3535,231,749,15485
1041,3508,237,767,15488
1042,3514,242,759,15485
1043,3499,267,737,15497
1044,3498,287,712,15503
1045,3498,267,738,15497
1046,3523,247,748,15482
1047,3550,238,734,15478
1048,3521,252,740,15487
1049,3556,253,746,15445
1050,3522,263,738,15477
1051,3517,265,755,15463
1052,3521,243,758,15478
1053,3525,254,750,15471
1054,3529,241,756,15474
1055,3525,255,736,15484
1056,3507,268,744,15481
1057,3500,258,732,15510
1058,3517,260,733,15490
1059,3515,247,754,15484
1060,3544,249,753,15454
1061,3559,258,734,15449
1062,3568,257,736,15439
1063,3555,264,744,15437
1064,3533,267,750,15450
1065,3526,272,755,15447
1066,3500,291,753,15456
1067,3472,297,779,15452
1068,3448,306,776,15470
1069,3451,292,777,15480
1070,3463,274,802,15461
1071,3463,287,810,15440
1072,3458,281,788,15473
1073,3466,277,796,15461
1074,3444,267,802,15487
1075,3430,273,776,15521
1076,3418,264,771,15547
1077,3421,274,767,15538
1078,3419,277,758,15546
1079,3416,269,756,15559
1080,3416,260,751,15573
1081,3425,259,752,15564
1082,3437,255,750,15558
1083,3427,248,758,15567
1084,3441,236,742,15581
1085,3445,241,753,15561
1086,3435,232,765,15568
1087,3428,253,732,15587
1088,3430,260,738,15572
1089,3427,274,728,15571
1090,3419,260,749,15572
1091,3453,230,749,15568
1092,3454,236,745,15565
1093,3488,209,740,15563
1094,3492,224,719,15565
1095,3509,220,728,15543
1096,3487,242,697,15574
1097,3515,219,717,15549
1098,3497,244,718,15541
1099,3529,219,736,15516
1100,3526,236,711,15527
1101,3531,230,719,15520
1102,3530,229,704,15537
1103,3527,222,738,15513
1104,3510,244,749,15497
1105,3506,247,735,15512
1106,3500,263,731,15506
1107,3520,246,753,15481
1108,3543,250,745,15462
1109,3568,224,742,15466
1110,3554,241,725,15480
1111,3553,247,726,15474
1112,3562,246,721,15471
1113,3584,230,729,15457
1114,3595,224,710,15471
1115,3585,225,717,15473
1116,3592,233,707,15468
1117,3587,252,686,15475
1118,3588,249,684,15479
1119,3601,256,684,15459
1120,3603,258,679,15460
1121,3592,255,700,15453
1122,3593,260,714,15433
1123,3585,251,725,15439
1124,3576,251,746,15427
1125,3594,239,753,15414
1126,3599,245,742,15414
1127,3603,256,732,15409
1128,3625,247,730,15398
1129,3619,234,730,15417
1130,3623,242,713,15422
1131,3638,262,703,15397
1132,3625,264,698,15413
1133,3621,247,701,15431
1134,3580,256,717,15447
1135,3585,244,710,15461
1136,3584,250,697,15469
1137,3593,242,711,15454
1138,3602,233,726,15439
1139,3604,239,725,15432
1140,3575,246,752,15427
1141,3584,254,738,15424
1142,3587,254,768,15391
1143,3587,247,775,15391
1144,3595,253,762,15390
1145,3576,235,774,15415
1146,3562,252,770,15416
1147,3549,258,750,15443
1148,3550,258,761,15431
1149,3541,257,749,15453
1150,3535,274,759,15432
1151,3547,250,774,15429
1152,3541,264,753,15442
1153,3560,237,738,15465
1154,3543,239,727,15491
1155,3558,220,735,15487
1156,3577,229,718,15476
1157,3565,240,719,15476
1158,3546,233,740,15481
1159,3538,242,737,15483
1160,3529,244,738,15489
1161,3513,258,716,15513
1162,3541,233,720,15506
1163,3529,229,723,15519
1164,3525,233,726,15516
1165,3537,237,711,15515
1166,3540,243,690,15527
1167,3544,230,693,15533
1168,3537,245,701,15517
1169,3561,260,683,15496
1170,3575,258,697,15470
1171,3584,242,704,15470
1172,3603,248,705,15444
1173,3596,265,696,15443
1174,3627,249,707,15417
1175,3598,255,736,15411
1176,3620,243,742,15395
1177,3605,236,755,15404
1178,3605,246,747,15402
1179,3613,257,733,15397
1180,3616,254,719,15411
1181,3615,254,702,15429
1182,3594,251,722,15433
1183,3571,278,719,15432
1184,3583,262,722,15433
1185,3602,254,727,15417
1186,3597,240,747,15416
1187,3598,232,757,15413
1188,3594,249,745,15412
1189,3586,256,737,15421
1190,3575,257,755,15413
1191,3576,257,756,15411
1192,3581,247,756,15416
1193,3569,244,764,15423
1194,3588,244,758,15410
1195,3573,247,773,15407
1196,3577,242,775,15406
1197,3567,267,747,15419
1198,3578,263,738,15421
1199,3596,282,698,15424
1200,3572,279,729,15420
1201,3568,277,706,15449
1202,3578,274,690,15458
1203,3577,277,693,15453
1204,3613,259,701,15427
1205,3620,268,710,15402
1206,3659,232,718,15391
1207,3662,228,723,15387
1208,3686,223,725,15366
1209,3687,238,726,15349
1210,3703,231,738,15328
1211,3707,232,721,15340
1212,3706,236,711,15347
1213,3700,250,711,15339
1214,3656,273,735,15336
1215,3669,288,726,15317
1216,3673,297,735,15295
1217,3689,275,747,15289
1218,3711,245,746,15298
1219,3681,262,750,15307
1220,3658,250,756,15336
1221,3630,263,767,15340
1222,3630,251,778,15341
1223,3621,260,765,15354
1224,3590,260,799,15351
1225,3578,281,801,15340
1226,3555,284,795,15366
1227,3553,273,813,15361
1228,3557,267,826,15350
1229,3540,276,789,15395
1230,3565,256,773,15406
1231,3554,257,768,15421
1232,3551,246,756,15447
1233,3567,245,753,15435
1234,3581,236,744,15439
1235,3573,251,731,15445
1236,3566,248,737,15449
1237,3559,256,730,15455
1238,3556,258,740,15446
1239,3584,251,723,15442
1240,3606,254,723,15417
1241,3602,240,738,15420
1242,3578,246,740,15436
1243,3580,250,738,15432
1244,3588,245,739,15428
1245,3594,248,733,15425
1246,3606,250,697,15447
1247,3633,236,717,15414
1248,3653,237,709,15401
1249,3647,252,695,15406
1250,3669,221,706,15404
1251,3677,216,712,15395
1252,3678,228,701,15393
1253,3681,221,689,15409
1254,3697,219,688,15396
1255,3699,217,700,15384
1256,3695,229,693,15383
1257,3685,235,702,15378
1258,3697,232,702,15369
1259,3695,238,676,15391
1260,3712,254,661,15373
1261,3737,243,664,15356
1262,3741,243,665,15351
1263,3745,252,636,15367
1264,3757,238,662,15343
1265,3751,231,675,15343
1266,3727,242,671,15360
1267,3721,230,686,15363
1268,3729,231,684,15356
1269,3725,234,679,15362
1270,3688,259,677,15376
1271,3700,246,673,15381
1272,3688,256,664,15392
1273,3702,250,688,15360
1274,3696,241,714,15349
1275,3687,231,754,15328
1276,3684,246,737,15333
1277,3672,255,724,15349
1278,3673,254,720,15353
1279,3686,238,707,15369
1280,3683,241,695,15381
1281,3701,222,709,15368
1282,3696,218,710,15376
1283,3681,234,700,15385
1284,3663,246,707,15384
1285,3668,247,696,15389
1286,3675,260,691,15374
1287,3649,261,710,15380
1288,3647,268,704,15381
1289,3638,266,721,15375
1290,3631,259,732,15378
1291,3641,260,717,15382
1292,3639,269,711,15381
1293,3620,255,732,15393
1294,3621,251,719,15409
1295,3613,266,698,15423
1296,3610,253,708,15429
1297,3609,250,697,15444
1298,3615,263,688,15434
1299,3614,244,710,15432
1300,3648,245,696,15411
1301,3643,236,700,15421
1302,3648,249,700,15403
1303,3621,253,730,15396
1304,3635,237,715,15413
1305,3625,246,729,15400
1306,3640,235,733,15392
1307,3641,239,725,15395
1308,3643,216,725,15416
1309,3637,230,715,15418
1310,3655,225,704,15416
1311,3644,240,712,15404
1312,3670,224,704,15402
1313,3654,230,728,15388
1314,3631,242,708,15419
1315,3628,252,731,15389
1316,3602,236,765,15397
1317,3592,249,767,15392
1318,3575,248,777,15400
1319,3550,251,783,15416
1320,3542,250,759,15449
1321,3565,239,743,15453
1322,3580,236,752,15432
1323,3580,246,730,15444
1324,3554,256,721,15469
1325,3548,249,716,15487
1326,3534,238,726,15502
1327,3553,230,714,15503
1328,3545,231,701,15523
1329,3531,239,708,15522
1330,3549,233,719,15499
1331,3528,237,715,15520
1332,3532,230,701,15537
1333,3541,242,711,15506
1334,3518,247,724,15511
1335,3510,237,743,15510
1336,3501,236,751,15512
1337,3493,245,746,15516
1338,3488,256,730,15526
1339,3490,251,744,15515
1340,3493,251,743,15513
1341,3495,248,753,15504
1342,3508,240,757,15495
1343,3513,255,757,15475
1344,3511,254,746,15489
1345,3502,257,740,15501
1346,3496,240,776,15488
1347,3475,245,788,15492
1348,3493,249,769,15489
1349,3500,249,777,15474
1350,3506,262,757,15475
1351,3530,229,759,15482
1352,3518,235,772,15475
1353,3517,246,770,15467
1354,3529,230,773,15468
1355,3517,241,758,15484
1356,3503,249,758,15490
1357,3506,228,774,15492
1358,3506,253,739,15502
1359,3513,273,712,15502
1360,3517,271,713,15499
1361,3500,265,731,15504
1362,3508,254,732,15506
1363,3507,256,731,15506
1364,3494,260,742,15504
1365,3485,246,759,15510
1366,3512,248,737,15503
1367,3506,235,739,15520
1368,3497,247,722,15534
1369,3541,230,724,15505
1370,3572,215,723,15490
1371,3572,236,694,15498
1372,3596,226,687,15491
1373,3575,251,674,15500
1374,3580,248,662,15510
1375,3593,240,673,15494
1376,3614,241,663,15482
1377,3620,237,658,15485
1378,3600,246,673,15481
1379,3599,235,689,15477
1380,3619,241,689,15451
1381,3608,252,684,15456
1382,3625,254,670,15451
1383,3656,242,686,15416
1384,3646,254,675,15425
1385,3664,259,661,15416
1386,3681,252,681,15386
1387,3679,238,696,15387
1388,3669,237,706,15388
1389,3663,246,672,15419
1390,3671,249,682,15398
1391,3687,241,693,15379
1392,3683,237,698,15382
1393,3694,243,695,15368
1394,3713,233,704,15350
1395,3707,251,696,15346
1396,3710,244,671,15375
1397,3696,260,662,15382
1398,3699,246,690,15365
1399,3673,251,706,15370
1400,3673,259,703,15365
1401,3675,256,697,15372
1402,3700,244,706,15350
1403,3681,255,707,15357
1404,3699,247,691,15363
1405,3701,261,656,15382
1406,3700,262,664,15374
1407,3702,257,675,15366
1408,3711,232,697,15360
1409,3734,210,697,15359
1410,3732,232,692,15344
1411,3752,231,703,15314
1412,3745,231,710,15314
1413,3761,231,705,15303
1414,3769,238,680,15313
1415,3736,258,690,15316
1416,3744,243,716,15297
1417,3731,262,716,15291
1418,3705,272,706,15317
1419,3691,283,716,15310
1420,3699,258,727,15316
1421,3690,243,755,15312
1422,3702,225,775,15298
1423,3695,235,769,15301
1424,3708,231,766,15295
1425,3720,245,736,15299
1426,3720,253,738,15289
1427,3707,266,732,15295
1428,3710,259,754,15277
1429,3691,290,748,15271
1430,3699,278,755,15268
1431,3698,267,781,15254
1432,3697,269,763,15271
1433,3694,264,756,15286
1434,3686,266,761,15287
1435,3667,274,758,15301
1436,3657,288,765,15290
1437,3659,290,765,15286
1438,3641,288,777,15294
1439,3627,280,795,15298
1440,3641,269,789,15301
1441,3639,267,801,15293
1442,3616,269,810,15305
1443,3625,285,778,15312
1444,3606,268,793,15333
1445,3606,265,790,15339
1446,3589,258,796,15357
1447,3593,251,800,15356
1448,3600,255,787,15358
1449,3601,249,789,15361
1450,3591,271,774,15364
1451,3601,272,759,15368
1452,3601,261,766,15372
1453,3568,261,772,15399
1454,3575,272,752,15401
1455,3565,273,731,15431
1456,3545,266,731,15458
1457,3538,249,761,15452
1458,3545,235,797,15423
1459,3551,239,786,15424
1460,3533,264,773,15430
1461,3542,247,787,15424
1462,3538,255,751,15456
1463,3546,238,747,15469
1464,3556,245,750,15449
1465,3570,230,750,15450
1466,3599,217,743,15441
1467,3588,227,726,15459
1468,3576,238,726,15460
1469,3582,249,730,15439
1470,3569,266,722,15443
1471,3553,261,737,15449
1472,3545,249,742,15464
1473,3537,235,766,15462
1474,3516,232,786,15466
1475,3495,248,775,15482
1476,3485,250,783,15482
1477,3483,253,774,15490
1478,3475,270,758,15497
1479,3455,272,771,15502
1480,3484,267,755,15494
1481,3487,279,749,15485
1482,3483,278,754,15485
1483,3499,273,761,15467
1484,3471,267,780,15482
1485,3444,296,747,15513
1486,3442,291,742,15525
1487,3440,263,756,15541
1488,3431,265,768,15536
1489,3430,273,741,15556
1490,3439,247,738,15576
1491,3439,223,754,15584
1492,3446,213,743,15598
1493,3436,228,738,15598
1494,3410,241,731,15618
1495,3418,237,717,15628
1496,3414,242,701,15643
1497,3424,243,714,15619
1498,3435,233,718,15614
1499,3455,222,728,15595
1500,3449,243,700,15608
1501,3459,239,691,15611
1502,3457,238,703,15602
1503,3463,246,696,15595
1504,3460,249,696,15595
1505,3470,240,697,15593
1506,3499,219,691,15591
1507,3525,207,687,15581
1508,3523,216,678,15583
1509,3555,219,656,15570
1510,3578,212,658,15552
1511,3587,206,651,15556
1512,3599,228,629,15544
1513,3616,216,657,15511
1514,3607,233,661,15499
1515,3599,237,676,15488
1516,3647,210,688,15455
1517,3638,220,679,15463
1518,3632,232,682,15454
1519,3655,221,675,15449
1520,3686,231,663,15420
1521,3691,220,668,15421
1522,3688,222,680,15410
1523,3691,227,680,15402
1524,3685,241,685,15389
1525,3695,251,671,15383
1526,3713,249,689,15349
1527,3719,247,698,15336
1528,3740,248,700,15312
1529,3732,259,700,15309
1530,3725,262,720,15293
1531,3723,258,730,15289
1532,3729,249,746,15276
1533,3704,277,740,15279
1534,3709,261,746,15284
1535,3696,257,741,15306
1536,3689,258,734,15319
1537,3682,256,754,15308
1538,3677,264,760,15299
1539,3677,264,765,15294
1540,3668,261,777,15294
1541,3657,263,762,15318
1542,3639,266,781,15314
1543,3630,286,768,15316
1544,3612,311,751,15326
1545,3599,301,766,15334
1546,3572,284,799,15345
1547,3577,261,799,15363
1548,3577,264,808,15351
1549,3594,246,792,15368
1550,3583,252,790,15375
1551,3562,262,786,15390
1552,3542,275,753,15430
1553,3527,268,775,15430
1554,3544,263,772,15421
1555,3526,263,777,15434
1556,3507,254,775,15464
1557,3503,267,762,15468
1558,3491,249,767,15493
1559,3509,251,771,15469
1560,3521,248,754,15477
1561,3514,246,756,15484
1562,3523,250,748,15479
1563,3528,234,745,15493
1564,3522,239,745,15494
1565,3532,227,747,15494
1566,3542,237,731,15490
1567,3522,247,721,15510
1568,3510,248,711,15531
1569,3517,228,752,15503
1570,3498,245,741,15516
1571,3509,240,724,15527
1572,3528,228,726,15518
1573,3550,230,733,15487
1574,3557,226,737,15480
1575,3550,248,728,15474
1576,3555,254,715,15476
1577,3546,255,733,15466
1578,3551,250,740,15459
1579,3554,237,748,15461
1580,3548,244,736,15472
1581,3544,246,730,15480
1582,3532,245,724,15499
1583,3523,243,721,15513
1584,3530,253,711,15506
1585,3528,247,709,15516
1586,3528,229,734,15509
1587,3578,236,726,15460
1588,3566,237,732,15465
1589,3580,225,758,15437
1590,3553,245,762,15440
1591,3562,241,750,15447
1592,3579,229,754,15438
1593,3564,235,740,15461
1594,3544,247,739,15470
1595,3579,245,731,15445
1596,3582,248,715,15455
1597,3593,238,723,15446
1598,3596,257,712,15435
1599,3614,254,705,15427
1600,3619,258,672,15451
1601,3635,249,700,15416
1602,3616,249,732,15403
1603,3628,248,727,15397
1604,3600,253,759,15388
1605,3620,252,752,15376
1606,3617,263,736,15384
1607,3623,256,746,15375
1608,3604,269,744,15383
1609,3611,262,760,15367
1610,3589,261,777,15373
1611,3591,259,765,15385
1612,3595,263,784,15358
1613,3586,277,783,15354
1614,3596,259,800,15345
1615,3578,269,786,15367
1616,3578,279,779,15364
1617,3588,263,777,15372
1618,3574,250,779,15397
1619,3564,268,785,15383
1620,3564,250,802,15384
1621,3576,249,790,15385
1622,3601,243,797,15359
1623,3586,252,791,15371
1624,3580,256,785,15379
1625,3574,244,780,15402
1626,3563,256,777,15404
1627,3547,280,761,15412
1628,3546,264,754,15436
1629,3547,273,774,15406
1630,3528,270,781,15421
1631,3525,261,795,15419
1632,3541,254,802,15403
1633,3563,257,790,15390
1634,3566,265,782,15387
1635,3550,269,761,15420
1636,3543,269,756,15432
1637,3549,271,762,15418
1638,3551,253,759,15437
1639,3566,244,756,15434
1640,3565,244,764,15427
1641,3561,268,744,15427
1642,3555,270,730,15445
1643,3554,267,736,15443
1644,3548,265,740,15447
1645,3526,270,740,15464
1646,3542,259,730,15469
1647,3564,234,745,15457
1648,3572,234,738,15456
1649,3590,229,729,15452
1650,3590,227,732,15451
1651,3578,231,706,15485
1652,3592,219,706,15483
1653,3593,234,687,15486
1654,3598,232,699,15471
1655,3597,238,712,15453
1656,3608,232,712,15448
1657,3605,230,713,15452
1658,3606,232,727,15435
1659,3597,229,708,15466
1660,3592,236,687,15485
1661,3600,236,664,15500
1662,3587,264,674,15475
1663,3612,261,667,15460
1664,3611,247,656,15486
1665,3597,249,660,15494
1666,3592,260,657,15491
1667,3603,258,661,15478
1668,3612,257,657,15474
1669,3634,245,662,15459
1670,3659,234,650,15457
1671,3677,221,661,15441
1672,3681,233,655,15431
1673,3705,221,661,15413
1674,3713,224,654,15409
1675,3706,218,676,15400
1676,3702,219,667,15412
1677,3712,221,681,15386
1678,3718,209,688,15385
1679,3712,211,705,15372
1680,3704,218,684,15394
1681,3696,226,694,15384
1682,3708,228,686,15378
1683,3697,237,693,15373
1684,3711,229,713,15347
1685,3710,218,704,15368
1686,3713,227,713,15347
1687,3731,221,720,15328
1688,3742,225,700,15333
1689,3721,236,711,15332
1690,3703,248,709,15340
1691,3705,227,735,15333
1692,3724,229,711,15336
1693,3722,228,729,15321
1694,3708,246,703,15343
1695,3704,247,701,15348
1696,3706,223,719,15352
1697,3709,213,712,15366
1698,3693,243,703,15361
1699,3711,234,686,15369
1700,3703,240,692,15365
1701,3722,220,699,15359
1702,3727,205,707,15361
1703,3735,213,689,15363
1704,3734,210,683,15373
1705,3741,218,670,15371
1706,3731,225,683,15361
1707,3720,234,680,15366
1708,3739,241,677,15343
1709,3748,246,674,15332
1710,3747,246,665,15342
1711,3754,244,669,15333
1712,3776,236,667,15321
1713,3773,229,683,15315
1714,3785,247,680,15288
1715,3771,245,695,15289
1716,3780,246,685,15289
1717,3774,239,702,15285
1718,3758,259,691,15292
1719,3751,248,712,15289
1720,3732,255,732,15281
1721,3735,257,721,15287
1722,3744,238,734,15284
1723,3757,253,724,15266
1724,3775,241,720,15264
1725,3775,251,722,15252
1726,3775,255,715,15255
1727,3754,274,709,15263
1728,3751,264,737,15248
1729,3750,252,742,15256
1730,3730,284,723,15263
1731,3717,275,736,15272
1732,3725,250,768,15257
1733,3700,270,775,15255
1734,3675,274,777,15274
1735,3667,290,761,15282
1736,3655,298,778,15269
1737,3637,302,777,15284
1738,3622,283,802,15293
1739,3591,308,795,15306
1740,3587,283,809,15321
1741,3577,279,814,15330
1742,3575,269,816,15340
1743,3584,273,795,15348
1744,3557,275,799,15369
1745,3546,281,813,15360
1746,3515,276,817,15392
1747,3498,284,792,15426
1748,3498,258,803,15441
1749,3495,256,800,15449
1750,3516,251,770,15463
1751,3524,265,769,15442
1752,3515,263,768,15454
1753,3534,278,744,15444
1754,3533,264,746,15457
1755,3555,264,724,15457
1756,3549,252,759,15440
1757,3532,247,748,15473
1758,3579,244,738,15439
1759,3563,253,745,15439
1760,3534,266,759,15441
1761,3568,250,760,15422
1762,3579,266,745,15410
1763,3574,254,763,15409
1764,3581,242,768,15409
1765,3569,239,778,15414
1766,3566,233,753,15448
1767,3561,234,747,15458
1768,3552,214,770,15464
1769,3551,219,766,15464
1770,3560,209,778,15453
1771,3539,227,772,15462
1772,3530,209,761,15500
1773,3563,195,749,15493
1774,3583,186,732,15499
1775,3596,191,721,15492
1776,3589,198,699,15514
1777,3577,219,707,15497
1778,3579,227,722,15472
1779,3577,244,723,15456
1780,3574,237,723,15466
1781,3577,247,717,15459
1782,3581,255,712,15452
1783,3569,253,723,15455
1784,3586,248,705,15461
1785,3595,230,716,15459
1786,3602,222,716,15460
1787,3631,228,700,15441
1788,3627,257,654,15462
1789,3601,255,686,15458
1790,3612,244,687,15457
1791,3584,274,697,15445
1792,3590,261,708,15441
1793,3583,251,731,15435
1794,3588,242,732,15438
1795,3597,224,726,15453
1796,3602,237,705,15456
1797,3626,228,715,15431
1798,3618,223,714,15445
1799,3621,227,705,15447
1800,3644,229,683,15444
1801,3635,246,660,15459
1802,3646,244,652,15458
1803,3650,237,682,15431
1804,3648,240,686,15426
1805,3659,231,686,15424
1806,3674,221,675,15430
1807,3659,255,659,15427
1808,3672,241,674,15413
1809,3678,247,681,15394
1810,3689,248,662,15401
1811,3723,234,659,15384
1812,3761,230,663,15346
1813,3770,239,662,15329
1814,3763,249,674,15314
1815,3788,238,678,15296
1816,3790,242,690,15278
1817,3794,250,693,15263
1818,3762,243,726,15269
1819,3770,244,744,15242
1820,3753,242,753,15252
1821,3752,262,738,15248
1822,3750,268,723,15259
1823,3742,257,742,15259
1824,3759,251,749,15241
1825,3761,251,744,15244
1826,3748,256,733,15263
1827,3761,239,749,15251
1828,3732,256,746,15266
1829,3729,260,740,15271
1830,3725,254,741,15280
1831,3749,235,744,15272
1832,3726,252,749,15273
1833,3700,268,742,15290
1834,3703,254,763,15280
1835,3686,251,774,15289
1836,3667,256,768,15309
1837,3668,225,800,15307
1838,3662,247,786,15305
1839,3650,258,758,15334
1840,3632,265,775,15328
1841,3601,266,794,15339
1842,3587,273,783,15357
1843,3592,272,764,15372
1844,3599,244,769,15388
1845,3589,261,761,15389
1846,3576,271,765,15388
1847,3567,275,758,15400
1848,3553,275,766,15406
1849,3524,279,761,15436
1850,3517,283,770,15430
1851,3510,283,775,15432
1852,3494,274,768,15464
1853,3497,265,756,15482
1854,3495,263,752,15490
1855,3501,256,763,15480
1856,3527,240,754,15479
1857,3513,249,712,15526
1858,3517,226,703,15554
1859,3519,248,687,15546
1860,3504,252,696,15548
1861,3497,251,686,15566
1862,3524,243,682,15551
1863,3547,237,681,15535
1864,3583,235,676,15506
1865,3584,236,668,15512
1866,3585,245,695,15475
1867,3585,234,691,15490
1868,3565,232,698,15505
1869,3549,252,706,15493
1870,3530,266,724,15480
1871,3525,255,746,15474
1872,3522,245,761,15472
1873,3519,250,764,15467
1874,3527,233,761,15479
1875,3537,232,760,15471
1876,3537,217,762,15484
1877,3555,229,740,15476
1878,3555,243,733,15469
1879,3560,248,728,15464
1880,3550,237,745,15468
1881,3546,234,736,15484
1882,3559,231,714,15496
1883,3540,245,703,15512
1884,3530,240,731,15499
1885,3513,245,729,15513
1886,3504,239,739,15518
1887,3517,247,737,15499
1888,3518,234,735,15513
1889,3510,234,724,15532
1890,3510,241,727,15522
1891,3519,240,752,15489
1892,3533,247,742,15478
1893,3524,251,739,15486
1894,3544,266,718,15472
1895,3557,270,713,15460
1896,3550,260,713,15477
1897,3535,255,720,15490
1898,3561,247,703,15489
1899,3560,235,705,15500
1900,3577,230,703,15490
1901,3579,217,720,15484
1902,3576,229,695,15500
1903,3582,239,670,15509
1904,3583,245,688,15484
1905,3572,248,688,15492
1906,3584,272,666,15478
1907,3622,260,679,15439
1908,3636,261,668,15435
1909,3643,257,676,15424
1910,3660,244,679,15417
1911,3641,250,693,15416
1912,3640,238,707,15415
1913,3610,254,719,15417
1914,3601,252,732,15415
1915,3600,261,715,15424
1916,3616,248,723,15413
1917,3619,237,739,15405
1918,3609,256,728,15407
1919,3584,280,726,15410
1920,3580,263,749,15408
1921,3589,242,762,15407
1922,3611,243,743,15403
1923,3608,239,734,15419
1924,3595,228,742,15435
1925,3586,250,734,15430
1926,3606,246,713,15435
1927,3600,249,705,15446
1928,3589,240,717,15454
1929,3599,239,724,15438
1930,3601,227,717,15455
1931,3593,229,725,15453
1932,3594,229,722,15455
1933,3592,237,702,15469
1934,3612,239,684,15465
1935,3610,249,677,15464
1936,3618,224,700,15458
1937,3631,230,688,15451
1938,3630,230,699,15441
1939,3635,238,678,15449
1940,3642,239,673,15446
1941,3651,247,675,15427
1942,3671,234,672,15423
1943,3684,212,695,15409
1944,3674,215,698,15413
1945,3673,226,676,15425
1946,3687,216,681,15416
1947,3716,218,677,15389
1948,3715,218,692,15375
1949,3688,240,692,15380
1950,3705,235,685,15375
1951,3700,250,673,15377
1952,3673,257,667,15403
1953,3680,249,675,15396
1954,3700,236,673,15391
1955,3713,233,667,15387
1956,3717,237,679,15367
1957,3714,241,685,15360
1958,3694,248,699,15359
1959,3720,242,710,15328
1960,3719,256,702,15323
1961,3704,242,720,15334
1962,3683,249,729,15339
1963,3679,258,706,15357
1964,3662,273,706,15359
1965,3671,249,720,15360
1966,3683,251,715,15351
1967,3680,253,716,15351
1968,3677,254,726,15343
1969,3655,270,705,15370
1970,3658,248,715,15379
1971,3683,249,694,15374
1972,3699,238,698,15365
1973,3704,225,719,15352
1974,3705,240,711,15344
1975,3709,228,693,15370
1976,3710,209,702,15379
1977,3713,215,703,15369
1978,3723,222,717,15338
1979,3709,238,715,15338
1980,3687,261,713,15339
1981,3704,256,732,15308
1982,3705,263,728,15304
1983,3713,253,726,15308
1984,3696,246,732,15326
1985,3713,258,719,15310
1986,3714,257,731,15298
1987,3694,263,742,15301
1988,3701,268,730,15301
1989,3666,284,731,15319
1990,3673,255,755,15317
1991,3673,249,743,15335
1992,3663,245,749,15343
1993,3664,255,722,15359
1994,3647,259,716,15378
1995,3636,267,706,15391
1996,3643,263,689,15405
1997,3640,259,687,15414
1998,3648,240,706,15406
1999,3660,229,704,15407
2000,3668,242,704,15386
2001,3657,238,723,15382
2002,3656,231,726,15387
2003,3644,262,696,15398
2004,3631,273,719,15377
2005,3639,271,729,15361
2006,3661,255,727,15357
2007,3644,268,723,15365
2008,3630,268,721,15381
2009,3654,251,754,15341
2010,3673,233,756,15338
2011,3635,252,712,15401
2012,3607,253,729,15411
2013,3603,246,735,15416
2014,3598,262,736,15404
2015,3609,238,742,15411
2016,3627,254,742,15377
2017,3645,239,743,15373
2018,3638,255,741,15366
2019,3618,253,751,15378
2020,3637,248,744,15371
2021,3617,254,753,15376
2022,3628,235,769,15368
2023,3626,222,776,15376
2024,3657,218,767,15358
2025,3652,234,756,15358
2026,3639,261,739,15361
2027,3600,268,754,15378
2028,3603,258,764,15375
2029,3591,233,780,15396
2030,3585,246,771,15398
2031,3588,250,766,15396
2032,3572,253,764,15411
2033,3575,247,765,15413
2034,3572,256,769,15403
2035,3531,267,767,15435
2036,3510,263,780,15447
2037,3527,239,774,15460
2038,3562,240,762,15436
2039,3587,247,763,15403
2040,3586,245,769,15400
2041,3592,254,754,15400
2042,3587,270,748,15395
2043,3592,265,751,15392
2044,3578,269,763,15390
2045,3578,268,766,15388
2046,3593,266,780,15361
2047,3616,245,772,15367
2048,3618,260,752,15370
2049,3617,247,759,15377
2050,3625,235,785,15355
2051,3622,246,774,15358
2052,3591,263,775,15371
2053,3590,265,757,15388
2054,3575,269,757,15399
2055,3555,274,764,15407
2056,3558,266,762,15414
2057,3572,270,739,15419
2058,3579,259,755,15407
2059,3584,247,757,15412
2060,3567,268,753,15412
2061,3569,256,754,15421
2062,3547,284,740,15429
2063,3535,271,739,15455
2064,3541,258,727,15474
2065,3537,255,731,15477
2066,3506,280,742,15472
2067,3486,283,758,15473
2068,3465,266,770,15499
2069,3458,271,761,15510
2070,3457,261,748,15534
2071,3430,266,749,15555
2072,3430,255,753,15562
2073,3435,242,734,15589
2074,3426,250,733,15591
2075,3434,243,744,15579
2076,3442,257,723,15578
2077,3435,241,718,15606
2078,3445,219,720,15616
2079,3432,217,717,15634
2080,3453,218,701,15628
2081,3462,214,676,15648
2082,3491,207,670,15632
2083,3507,207,679,15607
2084,3526,213,666,15595
2085,3532,220,669,15579
2086,3551,207,677,15565
2087,3574,211,667,15548
2088,3587,213,680,15520
2089,3596,236,669,15499
2090,3602,235,661,15502
2091,3611,227,663,15499
2092,3620,233,667,15480
2093,3630,224,665,15481
2094,3621,244,651,15484
2095,3635,241,660,15464
2096,3620,242,688,15450
2097,3636,254,671,15439
2098,3633,270,674,15423
2099,3635,249,694,15422
2100,3614,236,735,15415
2101,3586,251,750,15413
2102,3580,269,720,15431
2103,3594,255,733,15418
2104,3582,256,726,15436
2105,3564,257,721,15458
2106,3558,259,726,15457
2107,3536,251,743,15470
2108,3541,251,728,15480
2109,3555,250,722,15473
2110,3529,266,724,15481
2111,3523,249,744,15484
2112,3521,246,737,15496
2113,3529,242,737,15492
2114,3518,249,737,15496
2115,3529,253,719,15499
2116,3532,255,707,15506
2117,3555,238,722,15485
2118,3589,228,723,15460
2119,3618,218,716,15448
2120,3610,233,707,15450
2121,3621,220,716,15443
2122,3613,242,703,15442
2123,3642,228,702,15428
2124,3628,245,714,15413
2125,3652,223,694,15431
2126,3671,237,665,15427
2127,3684,240,671,15405
2128,3693,242,671,15394
2129,3707,230,666,15397
2130,3730,236,669,15365
2131,3737,226,686,15351
2132,3772,211,688,15329
2133,3782,240,681,15297
2134,3806,218,706,15270
2135,3819,233,699,15249
2136,3798,258,697,15247
2137,3845,245,696,15214
2138,3858,240,693,15209
2139,3857,233,692,15218
2140,3861,227,688,15224
2141,3864,238,683,15215
2142,3843,254,687,15216
2143,3852,253,706,15189
2144,3849,240,714,15197
2145,3861,238,710,15191
2146,3860,248,692,15200
2147,3839,273,687,15201
2148,3845,282,694,15179
2149,3840,279,698,15183
2150,3836,261,736,15167
2151,3829,255,736,15180
2152,3811,257,751,15181
2153,3795,268,760,15177
2154,3768,269,780,15183
2155,3762,268,787,15183
2156,3752,265,786,15197
2157,3739,269,781,15211
2158,3722,284,781,15213
2159,3697,288,798,15217
2160,3707,279,810,15204
2161,3690,291,804,15215
2162,3641,311,781,15267
2163,3655,289,794,15262
2164,3635,281,796,15288
2165,3615,280,809,15296
2166,3608,264,815,15313
2167,3591,262,835,15312
2168,3574,269,830,15327
2169,3537,275,838,15350
2170,3521,283,820,15376
2171,3523,272,828,15377
2172,3498,276,849,15377
2173,3487,262,859,15392
2174,3474,268,865,15393
2175,3444,270,857,15429
2176,3443,250,859,15448
2177,3434,262,852,15452
2178,3420,263,827,15490
2179,3405,263,830,15502
2180,3382,274,821,15523
2181,3380,281,830,15509
2182,3373,266,837,15524
2183,3352,273,840,15535
2184,3328,296,812,15564
2185,3307,290,830,15573
2186,3334,283,849,15534
2187,3319,283,841,15557
2188,3285,293,839,15583
2189,3303,284,827,15586
2190,3291,280,814,15615
2191,3303,265,803,15629
2192,3277,266,785,15672
2193,3309,245,770,15676
2194,3298,246,771,15685
2195,3289,240,747,15724
2196,3278,247,742,15733
2197,3305,230,721,15744
2198,3322,210,736,15732
2199,3337,212,715,15736
2200,3361,225,697,15717
2201,3366,215,707,15712
2202,3393,215,690,15702
2203,3397,202,687,15714
2204,3410,204,671,15715
2205,3432,201,666,15701
2206,3443,201,678,15678
2207,3455,211,668,15666
2208,3483,202,662,15653
2209,3477,230,638,15655
2210,3494,221,643,15642
2211,3519,214,635,15632
2212,3518,226,619,15637
2213,3568,207,620,15605
2214,3595,216,601,15588
2215,3599,234,602,15565
2216,3622,237,613,15528
2217,3647,228,610,15515
2218,3665,211,610,15514
2219,3685,222,613,15480
2220,3701,232,617,15450
2221,3717,205,627,15451
2222,3726,210,633,15431
2223,3737,201,646,15416
2224,3755,208,645,15392
2225,3779,215,645,15361
2226,3795,202,645,15358
2227,3784,229,624,15363
2228,3795,230,625,15350
2229,3804,233,639,15324
2230,3810,224,648,15318
2231,3826,227,638,15309
2232,3842,233,648,15277
2233,3840,230,646,15284
2234,3845,235,647,15273
2235,3842,237,648,15273
2236,3835,254,641,15270
2237,3851,237,655,15257
2238,3854,219,677,15250
2239,3841,227,673,15259
2240,3838,232,670,15260
2241,3843,225,674,15258
2242,3823,250,671,15256
2243,3783,264,676,15277
2244,3769,256,664,15311
2245,3769,245,693,15293
2246,3775,241,694,15290
2247,3764,241,692,15303
2248,3793,221,677,15309
2249,3812,235,665,15288
2250,3815,246,673,15266
2251,3792,277,663,15268
2252,3790,254,689,15267
2253,3766,254,705,15275
2254,3776,270,687,15267
2255,3767,272,686,15275
2256,3767,255,716,15262
2257,3746,246,745,15263
2258,3749,242,756,15253
2259,3757,234,749,15260
2260,3754,237,739,15270
2261,3733,250,735,15282
2262,3719,235,747,15299
2263,3732,246,752,15270
2264,3724,262,752,15262
2265,3717,274,736,15273
2266,3698,282,733,15287
2267,3683,268,756,15293
2268,3699,254,760,15287
2269,3698,278,753,15271
2270,3695,266,764,15275
2271,3681,266,771,15282
2272,3683,276,780,15261
2273,3660,292,777,15271
2274,3643,276,788,15293
2275,3650,270,794,15286
2276,3669,257,791,15283
2277,3635,253,782,15330
2278,3593,273,785,15349
2279,3572,271,804,15353
2280,3557,285,806,15352
2281,3563,249,847,15341
2282,3538,267,822,15373
2283,3554,274,800,15372
2284,3550,277,791,15382
2285,3539,282,792,15387
2286,3535,268,805,15392
2287,3527,247,828,15398
2288,3505,261,815,15419
2289,3468,259,836,15437
2290,3473,260,812,15455
2291,3470,250,801,15479
2292,3479,241,780,15500
2293,3458,247,779,15516
2294,3476,248,776,15500
2295,3463,258,775,15504
2296,3443,253,776,15528
2297,3441,257,785,15517
2298,3416,272,782,15530
2299,3416,271,773,15540
2300,3423,252,778,15547
2301,3417,247,761,15575
2302,3424,259,742,15575
2303,3420,269,751,15560
2304,3435,256,746,15563
2305,3439,264,734,15563
2306,3477,232,749,15542
2307,3497,232,721,15550
2308,3507,244,702,15547
2309,3511,259,701,15529
2310,3501,251,697,15551
2311,3498,265,686,15551
2312,3524,261,681,15534
2313,3516,260,700,15524
2314,3527,238,721,15514
2315,3542,222,749,15487
2316,3543,229,748,15480
2317,3555,216,753,15476
2318,3569,212,730,15489
2319,3585,225,720,15470
2320,3583,229,720,15468
2321,3607,226,720,15447
2322,3647,211,713,15429
2323,3652,214,705,15429
2324,3655,221,706,15418
2325,3663,226,702,15409
2326,3633,237,688,15442
2327,3664,238,686,15412
2328,3674,241,691,15394
2329,3667,250,692,15391
2330,3667,262,676,15395
2331,3661,245,695,15399
2332,3645,238,695,15422
2333,3619,261,700,15420
2334,3607,254,692,15447
2335,3632,237,695,15436
2336,3626,244,685,15445
2337,3633,259,687,15421
2338,3601,245,706,15448
2339,3601,251,706,15442
2340,3594,263,710,15433
2341,3579,260,706,15455
2342,3613,241,708,15438
2343,3633,233,701,15433
2344,3669,233,701,15397
2345,3689,236,695,15380
2346,3700,231,709,15360
2347,3699,242,701,15358
2348,3678,241,719,15362
2349,3702,250,708,15340
2350,3703,251,694,15352
2351,3731,234,718,15317
2352,3742,251,692,15315
2353,3734,252,707,15307
2354,3757,228,699,15316
2355,3740,234,701,15325
2356,3734,227,712,15327
2357,3725,229,723,15323
2358,3712,256,714,15318
2359,3696,248,730,15326
2360,3678,235,753,15334
2361,3652,257,746,15345
2362,3651,253,761,15335
2363,3658,259,750,15333
2364,3631,262,732,15375
2365,3622,261,750,15367
2366,3626,247,748,15379
2367,3621,235,771,15373
2368,3629,241,750,15380
2369,3626,259,728,15387
2370,3620,261,720,15399
2371,3607,267,732,15394
2372,3610,250,759,15381
2373,3623,271,744,15362
2374,3634,245,755,15366
2375,3643,243,757,15357
2376,3634,266,722,15378
2377,3626,267,735,15372
2378,3623,278,737,15362
2379,3616,280,752,15352
2380,3600,274,764,15362
2381,3600,263,744,15393
2382,3602,269,741,15388
2383,3594,266,751,15389
2384,3579,283,752,15386
2385,3580,268,773,15379
2386,3578,270,771,15381
2387,3572,256,767,15405
2388,3576,248,784,15392
2389,3569,250,771,15410
2390,3560,253,778,15409
2391,3556,256,783,15405
2392,3543,261,773,15423
2393,3550,253,770,15427
2394,3551,265,755,15429
2395,3533,263,748,15456
2396,3536,261,742,15461
2397,3552,258,723,15467
2398,3569,253,718,15460
2399,3547,240,743,15470
2400,3555,243,738,15464
2401,3564,227,755,15454
2402,3559,232,735,15474
2403,3570,242,723,15465
2404,3574,230,750,15446
2405,3582,241,734,15443
2406,3577,248,727,15448
2407,3570,247,736,15447
2408,3556,248,723,15473
2409,3588,239,711,15462
2410,3581,269,696,15454
2411,3594,256,718,15432
2412,3623,245,708,15424
2413,3622,243,711,15424
2414,3629,242,713,15416
2415,3632,245,720,15403
2416,3630,257,711,15402
2417,3621,250,725,15404
2418,3636,253,731,15380
2419,3625,254,722,15399
2420,3620,251,717,15412
2421,3622,244,741,15393
2422,3622,234,728,15416
2423,3616,234,728,15422
2424,3616,241,718,15425
2425,3639,231,727,15403
2426,3626,222,735,15417
2427,3627,242,719,15412
2428,3636,233,709,15422
2429,3629,241,692,15438
2430,3660,250,672,15418
2431,3662,245,691,15402
2432,3657,259,722,15362
2433,3642,258,754,15346
2434,3656,228,783,15333
2435,3632,262,767,15339
2436,3611,276,774,15339
2437,3582,288,763,15367
2438,3582,272,764,15382
2439,3567,272,771,15390
2440,3550,271,793,15386
2441,3544,270,772,15414
2442,3538,269,780,15413
2443,3537,266,780,15417
2444,3551,264,772,15413
2445,3559,237,805,15399
2446,3547,245,804,15404
2447,3518,259,773,15450
2448,3518,265,754,15463
2449,3499,258,763,15480
2450,3476,273,757,15494
2451,3494,261,771,15474
2452,3497,268,752,15483
2453,3514,259,763,15464
2454,3530,240,762,15468
2455,3527,227,784,15462
2456,3481,258,761,15500
2457,3478,250,759,15513
2458,3468,268,731,15533
2459,3446,265,740,15549
2460,3461,240,747,15552
2461,3477,236,734,15553
2462,3504,238,719,15539
2463,3504,232,708,15556
2464,3509,245,695,15551
2465,3500,243,713,15544
2466,3506,253,703,15538
2467,3515,250,686,15549
2468,3495,243,682,15580
2469,3506,252,667,15575
2470,3524,227,684,15565
2471,3524,237,675,15564
2472,3562,202,688,15548
2473,3575,205,697,15523
2474,3595,223,676,15506
2475,3620,222,675,15483
2476,3634,232,675,15459
2477,3644,238,664,15454
2478,3659,243,673,15425
2479,3666,241,687,15406
2480,3643,257,679,15421
2481,3633,243,702,15422
2482,3635,230,725,15410
2483,3611,249,700,15440
2484,3585,259,735,15421
2485,3584,254,749,15413
2486,3570,252,748,15430
2487,3578,241,750,15431
2488,3586,240,744,15430
2489,3581,264,736,15419
2490,3586,248,745,15421
2491,3598,250,750,15402
2492,3595,242,753,15410
2493,3567,272,733,15428
2494,3572,269,721,15438
2495,3584,268,736,15412
2496,3591,260,736,15413
2497,3582,256,735,15427
2498,3596,245,745,15414
2499,3599,241,721,15439
2500,3599,241,716,15444
